{
  "index.html": 1751387171969,
  "i18n/i18n_en.properties": 1751387171969,
  "i18n/i18n.properties": 1751387171969,
  "model/models.js": 1751387171969,
  "model/formatter.js": 1751387171969,
  "controller/ProductsWorklist.controller.js": 1751387171969,
  "controller/ProductsIconTabBar.controller.js": 1751387171969,
  "controller/Home.controller.js": 1751387171969,
  "controller/App.controller.js": 1751387171969,
  "manifest.json": 1751559625807,
  "Component.js": 1751387171969,
  "model/models-dbg.js": 1751387171969,
  "model/models.js.map": 1751560112831,
  "model/formatter-dbg.js": 1751387171969,
  "model/formatter.js.map": 1751560112832,
  "controller/ProductsWorklist-dbg.controller.js": 1751387171969,
  "controller/ProductsWorklist.controller.js.map": 1751560112833,
  "controller/ProductsIconTabBar-dbg.controller.js": 1751387171969,
  "controller/ProductsIconTabBar.controller.js.map": 1751560112838,
  "controller/Home-dbg.controller.js": 1751387171969,
  "controller/Home.controller.js.map": 1751560112833,
  "controller/App-dbg.controller.js": 1751387171969,
  "controller/App.controller.js.map": 1751560112834,
  "Component-dbg.js": 1751387171969,
  "Component.js.map": 1751560112836,
  "Component-preload.js": 1751560112914,
  "Component-preload.js.map": 1751560112914,
  "view/ProductsWorklist.view.xml": 1751387171969,
  "view/ProductsIconTabBar.view.xml": 1751387171969,
  "view/Home.view.xml": 1751387171969,
  "view/App.view.xml": 1751387171969,
  "css/style.css": 1751387171969,
  "i18n/i18n_en_US.properties": 1751387171969
}